Taxon	LFC_LR	qval_LR	LFC_W	qval_W	LFC_WR	qval_WR
d__Bacteria;p__Campylobacterota;c__Campylobacteria;o__Campylobacterales;f__Helicobacteraceae;g__Helicobacter_D	-0.7051432891437561	3.18864544713e-36	5.47947709005535	1.561297071410022e-124	5.953701307161307	0.0
d__Bacteria;p__Bacteroidota;c__Bacteroidia;o__Bacteroidales;f__Tannerellaceae;g__Parabacteroides_B_862066	-0.9423668139371564	0.0021458064457974	-3.347527181452975	5.813676325446775e-09	-1.7986700679758547	0.0016032930812592
d__Bacteria;p__Bacteroidota;c__Bacteroidia;o__Bacteroidales;f__Rikenellaceae;g__Alistipes_A_871400	-0.0193486535718371	1.0	-1.3489639708845305	7.253001995300368e-06	0.1296197926322678	1.0
d__Bacteria;p__Deferribacterota;c__Deferribacteres;o__Deferribacterales;f__Mucispirillaceae;g__Mucispirillum	-0.9186204299044806	0.0244344877363998	-3.767435250196689	1.1363164062982834e-08	-0.4392970497423433	1.0
d__Bacteria;p__Firmicutes_A;c__Clostridia_258483;o__Lachnospirales;f__Lachnospiraceae;g__COE1	0.0668304099795285	1.0	-1.239786231784064	1.0	-0.0230052445379134	1.0
d__Bacteria;p__Desulfobacterota_I;c__Desulfovibrionia;o__Desulfovibrionales;f__Desulfovibrionaceae;g__Mailhella	-0.7051432891437557	3.18864544713e-36	4.742552173346996	4.833312014753831e-44	4.575694616953525	1.2013346047630412e-66
d__Bacteria;p__Firmicutes_A;c__Clostridia_258483;o__Oscillospirales;f__Oscillospiraceae_88309;g__Dysosmobacter	-0.0766550296424058	1.0	-1.0558668412645171	0.0286317999455839	0.4166780489122474	0.036671566660149
d__Bacteria;p__Firmicutes_A;c__Clostridia_258483;o__Lachnospirales;f__Lachnospiraceae;__	-0.7612915980509278	5.602582665336708e-05	-3.856195344936773	7.143495483714121e-07	-0.9103686862660532	1.830597339317244e-08
d__Bacteria;p__Firmicutes_A;c__Clostridia_258483;o__Lachnospirales;f__Lachnospiraceae;g__CAG-95	-3.0852192314294355	0.1619847061443388	-3.2278556627965846	0.0053240493710897	-3.585266763626336	9.47233565028008e-06
d__Bacteria;p__Campylobacterota;c__Campylobacteria;o__Campylobacterales;f__Helicobacteraceae;g__Helicobacter_C_479931	-0.7051432891437551	3.18864544713e-36	5.099694629109017	2.2270722501243074e-105	2.364080147237749	2.706281900317152e-07
d__Bacteria;p__Firmicutes_A;c__Clostridia_258483;o__Lachnospirales;f__Lachnospiraceae;g__14-2	1.0137007641031714	1.0	-1.727908227567781	0.4019690878163369	0.8885436802016105	1.0
d__Bacteria;p__Bacteroidota;c__Bacteroidia;o__Bacteroidales;f__Marinifilaceae;g__Odoribacter_865974	-0.7051432891437555	3.18864544713e-36	1.0518170878207027	1.0	5.180607502363956	1.9327582873240245e-237
d__Bacteria;p__Firmicutes_A;c__Clostridia_258483;o__Lachnospirales;f__Lachnospiraceae;g__UBA3282	2.2931462091150747	0.1088530415565768	1.8976162300609587	1.0	3.7694072599993502	9.538067415813348e-06
d__Bacteria;p__Firmicutes_A;c__Clostridia_258483;o__Oscillospirales;f__Oscillospiraceae_88309;g__Lawsonibacter	1.5247867418842609	0.6942557461150453	1.422254383936724	1.0	2.730407030674976	0.0005113563413827054
d__Bacteria;p__Firmicutes_A;c__Clostridia_258483;o__Christensenellales;__;__	3.343014175941925	3.2852884923194865e-05	0.2905186556471615	1.0	3.214953032884646	2.6396939834723108e-99
d__Bacteria;p__Firmicutes_A;c__Clostridia_258483;o__Lachnospirales;f__Lachnospiraceae;g__C-53	-3.19812719658527	0.064030052107555	-2.8702560729192075	0.2674460850062033	-2.7178460850152724	0.1079442338721371
d__Bacteria;p__Firmicutes_A;c__Clostridia_258483;o__Lachnospirales;f__Lachnospiraceae;g__Acetatifactor	1.9845468119968144	1.0	-0.9216929913281068	1.0	-0.3472238428208485	1.0
d__Bacteria;p__Proteobacteria;c__Gammaproteobacteria;o__Enterobacterales_A_737866;f__Enterobacteriaceae_A;g__Escherichia_710834	-1.1124053563964404	0.4245219724954495	3.357740251547036	0.0050515051406758	0.0913044001215154	1.0
d__Bacteria;p__Firmicutes_A;c__Clostridia_258483;o__Lachnospirales;f__Lachnospiraceae;g__Kineothrix	0.2244396376904036	1.0	-1.9090205308760175	0.0160886482839902	-1.2450428709919064	0.0006605825590492583
d__Bacteria;p__Firmicutes_A;c__Clostridia_258483;o__Oscillospirales;f__Oscillospiraceae_88309;g__Enterenecus	0.1260768374866	1.0	-1.3747938681878322	1.0	0.8700423333674399	1.0
d__Bacteria;p__Firmicutes_A;c__Clostridia_258483;o__Lachnospirales;f__Lachnospiraceae;g__1XD42-69	0.3261295262303969	1.0	0.8303031717619656	1.0	4.4504068447406855	7.499091389546941e-21
d__Bacteria;p__Firmicutes_B_370539;c__Peptococcia;o__Peptococcales;f__Peptococcaceae_369362;g__Peptococcus	-0.7756020790895911	0.000961072454087918	-3.717389717558679	7.002877688633189e-200	-3.707383957420197	4.062125425869105e-210
d__Bacteria;p__Bacteroidota;c__Bacteroidia;o__Bacteroidales;f__Bacteroidaceae;g__Bacteroides_H	-0.7051432891437543	3.18864544713e-36	4.716737258090365	4.31742508726304e-27	4.084949983468696	1.3894374958590663e-75
d__Bacteria;p__Firmicutes_A;c__Clostridia_258483;o__Lachnospirales;f__Lachnospiraceae;g__Robinsoniella	-0.8692379917444011	1.0	-2.941330596326197	3.82424637010299e-11	-1.9896571601864783	0.0462025955704869
d__Bacteria;p__Firmicutes_A;c__Clostridia_258483;o__TANB77;f__CAG-508;g__CAG-269	1.6010750921743666	0.1471772122569451	-2.3502167767481112	0.0005198885316036727	-1.973789679829409	0.0928715638318901
d__Bacteria;p__Firmicutes_A;c__Clostridia_258483;o__Christensenellales;f__Borkfalkiaceae;g__Borkfalkia	0.0128225393199609	1.0	-2.74797456040246	1.4803554846244527e-06	0.5284502957896261	1.0
d__Bacteria;p__Firmicutes_A;c__Clostridia_258483;o__TANB77;f__CAG-508;g__CAG-273	1.79796296019023	0.0923541123164402	-1.1351068245907607	1.0	-1.5600328412699096	0.2287673987635097
d__Bacteria;p__Firmicutes_A;c__Clostridia_258483;o__TANB77;f__CAG-508;g__	1.1657088191107352	0.920646656781026	-2.7823310299425428	5.120921258236288e-09	-2.1158795769276906	0.0153939913347221
d__Bacteria;p__Firmicutes_D;c__Bacilli;o__RF39;f__UBA660;g__UBA6985	0.0926946081908869	1.0	-2.699759989736505	1.4583907545764171e-08	-0.7201669319633694	1.0
d__Bacteria;p__Firmicutes_A;c__Clostridia_258483;o__Oscillospirales;f__Acutalibacteraceae;g__Eubacterium_R	-0.2551251386341632	1.0	-2.620797993504673	2.786620050844364e-07	-1.6033842872296344	1.0
d__Bacteria;p__Firmicutes_A;c__Clostridia_258483;o__Oscillospirales;f__Oscillospiraceae_88309;g__	0.8742235957692253	1.0	-0.8440936687071323	1.0	1.8180461735619076	0.0146345622515048
d__Bacteria;p__Bacteroidota;c__Bacteroidia;o__Bacteroidales;f__Bacteroidaceae;g__Phocaeicola_A_858004	-0.7051432891437549	3.18864544713e-36	4.088182422456956	2.464278746019799e-19	1.6586824248086458	0.283863181913812
d__Bacteria;p__Firmicutes_A;c__Clostridia_258483;o__Oscillospirales;f__Ruminococcaceae;g__UBA946	-1.0773579659567765	1.0	-1.842018078282944	0.5342538252748428	-2.573863296843062	0.00019179635147786392
d__Bacteria;p__Firmicutes_A;c__Clostridia_258483;o__TANB77;f__CAG-508;g__UMGS1994	2.3297168581029477	0.037317211616859	-0.9220674583549228	1.0	-1.3719011017690397	1.0
d__Bacteria;p__Firmicutes_A;c__Clostridia_258483;o__Oscillospirales;f__Ruminococcaceae;g__Ruminococcus_C_58660	0.543313080536789	1.0	-2.4406639039121845	3.739388547135972e-09	-2.430658143773703	3.592075318078939e-09
d__Bacteria;p__Firmicutes_A;c__Clostridia_258483;o__Christensenellales;f__UBA1242;g__UBA11490	1.004797773630414	1.0	-1.4524711280174591	0.2684893173927107	-1.442465367878976	0.2098909004362129
d__Bacteria;p__Firmicutes_A;c__Clostridia_258483;o__Lachnospirales;f__Lachnospiraceae;g__Porcincola	-0.4144121084738895	1.0	0.6438262718367765	1.0	-0.3916861345256971	1.0
d__Bacteria;p__Firmicutes_D;c__Bacilli;o__Lactobacillales;f__Lactobacillaceae;g__Ligilactobacillus	-1.2673276947696137	1.0	2.045841361378564	1.0	-0.96346783065965	1.0
d__Bacteria;p__Firmicutes_A;c__Clostridia_258483;o__Lachnospirales;f__Lachnospiraceae;g__Eubacterium_F	-0.9647013523191688	1.0	-2.3249795910633253	0.0077507979391729	-0.1537843228709692	1.0
d__Bacteria;p__Firmicutes_A;c__Clostridia_258483;o__Lachnospirales;f__Lachnospiraceae;g__Sporofaciens	0.8086045184383495	1.0	1.057752659665399	1.0	3.8833827462241945	1.5916262181875558e-39
d__Bacteria;p__Firmicutes_A;c__Clostridia_258483;o__Lachnospirales;f__Lachnospiraceae;g__Clostridium_AP	-0.7051432891437546	3.18864544713e-36	-0.0065444217356716	1.0	3.7198806001125897	2.5150065121187453e-08
d__Bacteria;p__Firmicutes_A;c__Clostridia_258483;o__Lachnospirales;f__Lachnospiraceae;g__Ruminococcus_B	0.483834964607595	1.0	-1.5097907305394125	0.6304396000502055	-1.5727600595103572	0.2017670200305904
d__Bacteria;p__Firmicutes_A;c__Clostridia_258483;o__Lachnospirales;f__Anaerotignaceae;g__Coprocola	-0.0694725145119529	1.0	-1.1106101196536196	1.0	-2.6641001778533653	3.0792156310933307e-19
d__Bacteria;p__Firmicutes_A;c__Clostridia_258483;o__Lachnospirales;f__Lachnospiraceae;g__Ventrisoma	1.1803509076833187	1.0	-0.3104782916511802	1.0	-1.063663138936242	1.0
d__Bacteria;p__Firmicutes_A;c__Clostridia_258483;o__Oscillospirales;f__Ruminococcaceae;__	2.7057769507539864	1.6442422069056082e-14	-0.3364265879375793	1.0	0.9554503002412568	1.0
d__Bacteria;p__Firmicutes_D;c__Bacilli;o__RF39;f__UBA660;__	-0.8381832044764885	1.0	-2.4377309010513684	0.0015713960088255	-2.427725140912886	0.0014598228611504
d__Bacteria;p__Bacteroidota;c__Bacteroidia;o__Bacteroidales;f__Muribaculaceae;__	-0.7051432891437551	3.18864544713e-36	1.9109738578437607	0.3094221318446361	3.6479575822002017	8.406786675529097e-42
d__Bacteria;p__Bacteroidota;c__Bacteroidia;o__Bacteroidales;f__Muribaculaceae;g__Muribaculum	-0.7051432891437545	3.18864544713e-36	1.517758079672311	1.0	2.906485968876581	1.20946929108221e-116
d__Bacteria;p__Firmicutes_A;c__Clostridia_258483;o__Lachnospirales;f__Lachnospiraceae;g__Oribacterium	-2.29889261415102	0.0203134905842049	-0.9234236615220044	1.0	-1.8169972804018888	0.224230040721855
d__Bacteria;p__Firmicutes_A;c__Clostridia_258483;o__Lachnospirales;f__Lachnospiraceae;g__Paralachnospira	0.4308463956167645	1.0	-1.8893782254630624	0.0376740170287495	0.1675974162027537	1.0
d__Bacteria;p__Firmicutes_A;c__Clostridia_258483;o__Oscillospirales;f__Ruminococcaceae;g__Phocea	1.89267872601892	0.0302741888627344	-0.3062813308354683	1.0	0.1453019226399168	1.0
d__Bacteria;p__Bacteroidota;c__Bacteroidia;o__Bacteroidales;f__Muribaculaceae;g__Duncaniella	-0.7051432891437549	3.18864544713e-36	3.6017890423846497	1.0734534253482616e-39	2.30856579926133	0.0006945740707065874
d__Bacteria;p__Firmicutes_A;c__Clostridia_258483;o__Lachnospirales;f__Lachnospiraceae;g__UBA3402	-0.7051432891437546	3.18864544713e-36	-0.0065444217356716	1.0	2.6443870127431404	0.0016823646657258
d__Bacteria;p__Firmicutes_A;c__Clostridia_258483;o__Lachnospirales;f__Lachnospiraceae;g__Eubacterium_J	0.7392077704168123	1.0	-1.0608546462727513	1.0	-2.0805431534817647	0.0018379868464527
d__Bacteria;p__Firmicutes_A;c__Clostridia_258483;o__Lachnospirales;f__Lachnospiraceae;g__MD308	1.0068016197414758	1.0	0.0608180186816356	1.0	-0.377103966312617	1.0
d__Bacteria;p__Firmicutes_A;c__Clostridia_258483;o__Lachnospirales;f__Anaerotignaceae;__	-1.4400587651711496	0.1612345702728826	0.2563567193966855	1.0	1.5876596510054704	0.0138790269939968
d__Bacteria;p__Bacteroidota;c__Bacteroidia;o__Bacteroidales;f__Muribaculaceae;g__CAG-873	-0.7051432891437551	3.18864544713e-36	-0.0065444217356723	1.0	3.259029553229474	4.526432090042667e-09
d__Bacteria;p__Bacteroidota;c__Bacteroidia;o__Bacteroidales;f__Rikenellaceae;g__	-0.7051432891437551	3.18864544713e-36	1.2190596614551406	0.3722060931921591	2.940437315485964	5.127021849809973e-121
d__Bacteria;p__Firmicutes_A;c__Clostridia_258483;o__Lachnospirales;f__Lachnospiraceae;g__Butyribacter	1.2766094096823712	1.0	2.376670897542029	0.4706233334384208	1.0976286766408194	1.0
d__Bacteria;p__Firmicutes_D;c__Bacilli;o__Acholeplasmatales;f__Anaeroplasmataceae;g__Pelethenecus	-0.3026013703849413	1.0	-0.0851327035523852	1.0	1.587099553401257	0.2516337054887295
d__Bacteria;p__Firmicutes_A;c__Clostridia_258483;o__Peptostreptococcales;f__Anaerovoracaceae;g__Emergencia	-0.9525955530903925	1.0	-2.128391270830503	0.0006454807952487149	-2.5052498251351927	2.411308632881053e-11
d__Bacteria;p__Firmicutes_A;c__Clostridia_258483;o__Oscillospirales;f__Ruminococcaceae;g__Ruminiclostridium_E	-2.0618320866694	0.0306388408772887	-1.4622542450555955	0.5356660281556451	-0.1963219096672548	1.0
d__Bacteria;p__Bacteroidota;c__Bacteroidia;o__Bacteroidales;f__Bacteroidaceae;g__Prevotella	-0.7051432891437551	3.18864544713e-36	2.6175612440997043	1.3308782934845808e-05	0.003461338402811	1.0
d__Bacteria;p__Bacteroidota;c__Bacteroidia;o__Bacteroidales;f__Muribaculaceae;g__UBA7173	-0.705143289143755	3.18864544713e-36	1.872800039900117	0.0242578986811475	2.3529376359245866	0.000692080827231347
d__Bacteria;p__Bacteroidota;c__Bacteroidia;o__Bacteroidales;f__UBA932;g__Cryptobacteroides	-0.7051432891437558	3.18864544713e-36	2.889569749652745	2.379269247619006e-06	2.269213558639342	0.00026068311978681886
d__Bacteria;p__Firmicutes_D;c__Bacilli;o__Lactobacillales;f__Lactobacillaceae;g__Lactobacillus	-1.3395400160479831	0.0244344877363998	1.213695626311553	1.0	0.8601768304253342	1.0
d__Bacteria;p__Cyanobacteria;c__Vampirovibrionia;o__Gastranaerophilales;f__Gastranaerophilaceae;g__	-0.7051432891437548	3.18864544713e-36	-0.0065444217356715	1.0	3.4432776392244904	1.3082997670027288e-241
d__Bacteria;p__Bacteroidota;c__Bacteroidia;o__Bacteroidales;f__Muribaculaceae;g__UBA3263	-0.7051432891437543	3.18864544713e-36	0.9593945452363364	1.0	3.4014445563849782	4.995258522737793e-67
d__Bacteria;p__Bacteroidota;c__Bacteroidia;o__Bacteroidales;f__Muribaculaceae;g__CAG-485	-0.7051432891437552	3.18864544713e-36	0.5853319677488324	1.0	3.550325714937218	7.734506468525752e-75
d__Bacteria;p__Firmicutes_A;c__Clostridia_258483;o__Oscillospirales;f__Acutalibacteraceae;g__Fimenecus	1.1415696570041705	1.0	-0.0065444217356719	1.0	0.0034613384028109	1.0
d__Bacteria;p__Verrucomicrobiota;c__Verrucomicrobiae;o__Verrucomicrobiales;f__Akkermansiaceae;g__Akkermansia	-0.671359304110964	1.0	-0.8606514529933857	1.0	-1.4918794599594942	0.0497370073374019
d__Bacteria;p__Firmicutes_A;c__Clostridia_258483;o__Oscillospirales;f__Acutalibacteraceae;g__Ruminococcus_E	-0.7789230590675815	1.0	-1.349157949517234	0.6251070680524906	-1.339152189378751	0.4798109098353161
d__Bacteria;p__Firmicutes_A;c__Clostridia_258483;o__Lachnospirales;f__Lachnospiraceae;g__CAG-56	-0.7051432891437549	3.18864544713e-36	0.4350330716012303	1.0	1.457906951136298	1.0
d__Bacteria;p__Firmicutes_A;c__Clostridia_258483;o__Lachnospirales;f__Lachnospiraceae;g__Ventrimonas	-0.5191442546169205	1.0	0.6115234251968733	1.0	-0.897521145526249	1.0
d__Bacteria;p__Firmicutes_D;c__Bacilli;o__Lactobacillales;f__Lactobacillaceae;g__Limosilactobacillus	-1.1566984267990603	1.0	0.0413473980132286	1.0	-0.2853174730827282	1.0
d__Bacteria;p__Firmicutes_D;c__Bacilli;o__Erysipelotrichales;f__Coprobacillaceae;g__Erysipelatoclostridium	-0.5483468321371079	1.0	0.0915977197316988	1.0	-1.1016654504076748	0.5026191514864687
d__Bacteria;p__Firmicutes_A;c__Clostridia_258483;o__Oscillospirales;f__Acutalibacteraceae;g__Acutalibacter	0.1475577940986018	1.0	0.0792149123357374	1.0	1.6018549051325384	0.6432097420848621
d__Bacteria;p__Firmicutes_A;c__Clostridia_258483;o__Christensenellales;f__CAG-314;g__CAG-314	-0.2512657758882257	1.0	-0.2305143553891783	1.0	2.404391164585228	1.801343680380968e-06
d__Bacteria;p__Bacteroidota;c__Bacteroidia;o__Bacteroidales;f__Bacteroidaceae;g__Alloprevotella	-0.7051432891437548	3.18864544713e-36	0.4885607072357178	1.0	1.918306294849352	0.0008104996413100798
d__Bacteria;p__Bacteroidota;c__Bacteroidia;o__Bacteroidales;f__Muribaculaceae;g__Paramuribaculum	-0.7051432891437549	3.18864544713e-36	0.6785685133495768	1.0	1.7085360486626249	0.2017670200305904
d__Bacteria;p__Firmicutes_A;c__Clostridia_258483;o__Lachnospirales;f__Lachnospiraceae;g__Lachnospira	-0.7221740894598666	1.0	-0.2783553172536921	1.0	-0.6563994148176243	1.0
d__Bacteria;p__Firmicutes_A;c__Clostridia_258483;o__Oscillospirales;f__Butyricicoccaceae;g__Pseudobutyricicoccus	1.2253315393290465	0.4313480921351727	0.2494212167254789	1.0	1.5597569236871731	0.0788234634028737
d__Bacteria;p__Desulfobacterota_I;c__Desulfovibrionia;o__Desulfovibrionales;f__Desulfovibrionaceae;g__Desulfovibrio_R_446353	-0.7051432891437547	3.18864544713e-36	0.7665478713864767	0.9499096238882724	2.2486732115693324	2.478168417662809e-10
d__Bacteria;p__Firmicutes_A;c__Clostridia_258483;o__Oscillospirales;f__Ruminococcaceae;g__Anaerotruncus	0.2132984161808642	1.0	-0.3606960897426986	1.0	-0.1207706278279157	1.0
d__Bacteria;p__Firmicutes_D;c__Bacilli;o__Haloplasmatales_A;f__Turicibacteraceae;g__Turicibacter	0.0077756518246359	1.0	0.4840251789050634	1.0	1.2873465984973786	0.0028003371345091
d__Bacteria;p__Firmicutes_A;c__Clostridia_258483;o__Oscillospirales;f__Oscillospiraceae_88309;__	-0.3387219523635353	1.0	-0.0065444217356717	1.0	1.219974468409849	0.8578436839223207
d__Bacteria;p__Firmicutes_A;c__Clostridia_258483;o__Christensenellales;f__CAG-552;g__	0.1079569904132842	1.0	-0.6277710841826717	1.0	0.6397164093343682	1.0
d__Bacteria;p__Firmicutes_A;c__Clostridia_258483;o__Lachnospirales;f__Lachnospiraceae;g__Enterocloster	-0.1167579440349525	1.0	-0.3271630914183642	1.0	-0.3171573312798812	1.0
d__Bacteria;p__Firmicutes_A;c__Clostridia_258483;o__Clostridiales;f__Clostridiaceae_222000;g__Dwaynesavagella	-1.3138459449610669	0.4241013869706669	-0.5260821762568418	1.0	-1.1490502445245467	0.3298353368828893
d__Bacteria;p__Firmicutes_A;c__Clostridia_258483;o__Oscillospirales;f__Ruminococcaceae;g__Ruthenibacterium	0.8603600420064981	1.0	-0.4038011505291651	1.0	-0.3937953903906822	1.0
d__Bacteria;p__Firmicutes_A;c__Clostridia_258483;o__TANB77;f__CAG-508;__	-0.0707923465192873	1.0	0.2886573698921973	1.0	-0.2711917337642162	1.0
d__Bacteria;p__Firmicutes_A;c__Clostridia_258483;o__Oscillospirales;f__Oscillospiraceae_88309;g__Evtepia	0.4723933316725988	1.0	-0.0065444217356716	1.0	1.8733912744789905	0.0146345622515048
d__Bacteria;p__Firmicutes_D;c__Bacilli;o__RF39;f__UBA660;g__	0.2709617878449297	1.0	-0.1798090991474911	1.0	-0.5362246757892277	1.0
d__Bacteria;p__Firmicutes_A;c__Clostridia_258483;o__Oscillospirales;f__CAG-272;g__Avispirillum	0.1523219668779649	1.0	-0.6749328630753556	1.0	-0.6649271029368725	1.0
d__Bacteria;p__Firmicutes_A;c__Clostridia_258483;o__Lachnospirales;f__;g__	-0.2016049341722702	1.0	-0.6409411486399001	1.0	0.0086841564240407	1.0
d__Bacteria;p__Firmicutes_A;c__Clostridia_258483;o__Lachnospirales;f__Lachnospiraceae;g__Merdisoma	-0.3728684695894456	1.0	1.1742618296917964	1.0	0.5917017964182714	1.0
d__Bacteria;p__Proteobacteria;c__Gammaproteobacteria;o__Burkholderiales_595427;f__Burkholderiaceae_A_595427;g__Parasutterella	-0.7051432891437548	3.18864544713e-36	1.0636109487693102	1.0	1.22536594383597	0.0650465678999136
d__Bacteria;p__Bacteroidota;c__Bacteroidia;o__Bacteroidales;f__Rikenellaceae;g__Rikenella	-0.7051432891437549	3.18864544713e-36	0.4793409185017789	1.0	1.397362058739675	0.0595437940021361
d__Bacteria;p__Firmicutes_B_370539;c__Dehalobacteriia;o__Dehalobacteriales;f__Dehalobacteriaceae;g__	-1.1809761003650447	0.0027279954579656	0.329562733805707	1.0	0.5346649330752121	1.0
d__Bacteria;p__Firmicutes_A;c__Clostridia_258483;o__Lachnospirales;f__Lachnospiraceae;g__Luxibacter	0.3177237405128348	1.0	-0.0065444217356717	1.0	0.0034613384028112	1.0
d__Bacteria;p__Firmicutes_A;c__Clostridia_258483;o__Clostridiales;f__Clostridiaceae_222000;g__Clostridium_T	-0.4752235873674549	1.0	0.7228763602501254	1.0	0.9856373508708935	0.8578436839223207
d__Bacteria;p__Firmicutes_A;c__Clostridia_258483;o__Oscillospirales;f__Oscillospiraceae_88309;g__Faecousia	0.2347497411434022	1.0	-0.0065444217356718	1.0	0.0034613384028111	1.0
d__Bacteria;p__Firmicutes_D;c__Bacilli;o__RF39;f__UBA660;g__Scybalousia	-0.7825028266072234	1.0	-0.5918108251261993	1.0	-0.5818050649877166	1.0
d__Bacteria;p__Firmicutes_A;c__Clostridia_258483;o__Oscillospirales;f__Ruminococcaceae;g__Angelakisella	-0.251135599094048	1.0	-0.0065444217356716	1.0	0.8011036682287683	1.0
d__Bacteria;p__Firmicutes_A;__;__;__;__	0.2666273913311467	1.0	-0.0065444217356717	1.0	0.0034613384028112	1.0
d__Bacteria;p__Firmicutes_D;c__Bacilli;o__Erysipelotrichales;f__Erysipelotrichaceae;g__C-19	-0.9250630303924132	1.0	-0.5690206305269547	1.0	-0.5590148703884719	1.0
d__Bacteria;p__Firmicutes_A;c__Clostridia_258483;o__Peptostreptococcales;f__Anaerovoracaceae;g__	-1.121668852915655	0.0016011553006074	-0.0101597343795488	1.0	-0.2561196127022164	1.0
d__Bacteria;p__Firmicutes_A;c__Clostridia_258483;o__Lachnospirales;f__Lachnospiraceae;g__Eubacterium_S	-0.0224113615563934	1.0	0.3223963058349062	1.0	0.0034613384028112	1.0
d__Bacteria;p__Firmicutes_A;c__Clostridia_258483;o__Oscillospirales;f__CAG-272;g__RUG13077	-0.0530935475054926	1.0	-0.0065444217356718	1.0	0.0034613384028111	1.0
d__Bacteria;p__Firmicutes_A;c__Clostridia_258483;o__Oscillospirales;f__Ruminococcaceae;g__Paludicola	-0.6224644458225904	1.0	0.5261177006399566	1.0	0.1440637685965706	1.0
d__Bacteria;p__Deferribacterota;c__Deferribacteres;o__Deferribacterales;f__Denitrovibrionaceae;__	-0.7051432891437548	3.18864544713e-36	0.6264294066705157	1.0	0.0034613384028111	1.0
d__Bacteria;p__Desulfobacterota_I;c__Desulfovibrionia;o__Desulfovibrionales;f__Desulfovibrionaceae;g__Bilophila	-0.7051432891437549	3.18864544713e-36	0.5204383574234618	1.0	0.2814485025535702	1.0
